{
	"format_version": "1.8.0",
	"animations": {
		"animation.model.draw": {
			"loop": true,
			"animation_length": 1.5,
			"bones": {
				"main": {
					"rotation": {
						"0.0": {
							"vector": [23.1968, -6.03864, 6.37855]
						},
						"0.1333": {
							"vector": [23.63662, -5.52637, 1.3989]
						},
						"0.3": {
							"vector": [21.79683, -4.50825, 0.65603]
						},
						"0.4333": {
							"vector": [19.97007, -5.02057, 3.54334]
						},
						"0.6": {
							"vector": [9.12567, -4.39669, 0.5454]
						},
						"0.8": {
							"vector": [-1.74911, -0.81072, -1.97618]
						},
						"0.9333": {
							"vector": [-1.02236, -0.41032, 1.87038]
						},
						"1.0333": {
							"vector": [-0.00218, 0.24999, -0.5]
						},
						"1.1667": {
							"vector": [0, 0, 0]
						}
					},
					"position": {
						"0.0": {
							"vector": [0, -20.775, 0]
						},
						"0.2333": {
							"vector": [-0.7, -13.3, -2.3]
						},
						"0.4": {
							"vector": [-0.47, -7.845, -4.305]
						},
						"0.5667": {
							"vector": [-0.21, -2.91, -6.035]
						},
						"0.8": {
							"vector": [0, 0.925, -1.1]
						},
						"0.9": {
							"vector": [0.075, -0.12, -0.055]
						},
						"1.0": {
							"vector": [0, -0.075, 0.275]
						},
						"1.1333": {
							"vector": [0, 0, 0]
						}
					}
				},
				"leftarm": {
					"rotation": {
						"0.0": {
							"vector": [-5.94254, -4.22578, -13.91874]
						},
						"0.5": {
							"vector": [-5.94254, -4.22578, -13.91874]
						},
						"0.7333": {
							"vector": [-9.12768, 0.86862, -17.55431]
						},
						"0.9": {
							"vector": [-5.94254, -4.22578, -13.91874]
						},
						"1.0": {
							"vector": [0, 0, 0]
						}
					},
					"position": {
						"0.0": {
							"vector": [4.925, 1.375, 0]
						},
						"0.5": {
							"vector": [4.925, 1.375, 0]
						},
						"0.7333": {
							"vector": [7.87, 3.055, -1.245]
						},
						"0.9": {
							"vector": [4, 1.375, -1.25]
						},
						"1.0": {
							"vector": [0, 0, 0]
						}
					}
				}
			},
			"sound_effects": {
				"0.2667": {
					"effect": "launcher_draw"
				}
			}
		},
		"animation.model.fire": {
			"loop": true,
			"animation_length": 0.68333,
			"bones": {
				"main": {
					"rotation": {
						"0.0": {
							"vector": [0, 0, 0]
						},
						"0.0833": {
							"vector": [-1.22338, -0.27569, -1.99651]
						},
						"0.1667": {
							"vector": [-1.21277, 0.50071, -0.76276]
						},
						"0.2667": {
							"vector": [-1.21289, 0.5138, -0.76295]
						},
						"0.35": {
							"vector": [-0.85405, 0.30967, 0.05694]
						},
						"0.4333": {
							"vector": [0.57515, 0.05523, 1.99083]
						},
						"0.5667": {
							"vector": [0.5, 0, -0.75]
						},
						"0.6833": {
							"vector": [0, 0, 0]
						}
					},
					"position": {
						"0.0": {
							"vector": [0, 0, 0]
						},
						"0.0333": {
							"vector": [0, 0.05, 2.875]
						},
						"0.1333": {
							"vector": [0, -0.05, 3.955]
						},
						"0.2833": {
							"vector": [-0.1, -0.225, 3.385]
						},
						"0.3833": {
							"vector": [-0.1, -0.22, 2.035]
						},
						"0.5": {
							"vector": [-0.05, -0.225, 0.97]
						},
						"0.6": {
							"vector": [0, 0, 0]
						}
					}
				},
				"leftarm": {
					"rotation": {
						"0.0": {
							"vector": [0, 0, 0]
						},
						"0.1333": {
							"vector": [-7.40868, -0.40508, 0.65084]
						},
						"0.3167": {
							"vector": [-6.94767, 0.81527, -1.2949]
						},
						"0.5167": {
							"vector": [0, 0, 0]
						}
					},
					"position": {
						"0.0": {
							"vector": [0, 0, 0]
						},
						"0.1333": {
							"vector": [0.9842, -1.26161, -3.04564]
						},
						"0.3167": {
							"vector": [1.86139, -0.82348, -3.04385]
						},
						"0.5167": {
							"vector": [0, 0, 0]
						}
					}
				}
			}
		},
		"animation.model.reload": {
			"loop": true,
			"animation_length": 3.43333,
			"bones": {
				"main": {
					"rotation": {
						"0.0": {
							"vector": [0, 0, 0]
						},
						"0.1667": {
							"vector": [6.20407, 4.18006, 0.66803],
							"easing": "easeInSine"
						},
						"0.6333": {
							"vector": [40.39518, -15.06168, 6.18279]
						},
						"1.2": {
							"vector": [24.30477, 3.89997, 6.35779]
						},
						"1.3333": {
							"vector": [23.88025, 4.47067, 1.39664]
						},
						"1.5": {
							"vector": [21.91127, 5.4911, 0.65702]
						},
						"1.6667": {
							"vector": [20.43271, 2.46517, 3.533]
						},
						"2.0667": {
							"vector": [9.16986, 3.18277, 0.05026]
						},
						"2.2": {
							"vector": [9.20451, 3.08011, 0.68581]
						},
						"2.3667": {
							"vector": [9.1958, 2.3489, 0.5093]
						},
						"2.4667": {
							"vector": [9.19696, 3.10297, 0.54459]
						},
						"2.7667": {
							"vector": [-1.74911, -0.81072, -1.97618]
						},
						"2.9": {
							"vector": [-1.02236, -0.41032, 1.87038]
						},
						"3.0": {
							"vector": [-0.00218, 0.24999, -0.5]
						},
						"3.1333": {
							"vector": [0, 0, 0]
						}
					},
					"position": {
						"0.0": {
							"vector": [0, 0, 0]
						},
						"0.2": {
							"vector": [0, -7.28, -5.05],
							"easing": "easeInSine"
						},
						"0.3333": {
							"vector": [-0.325, -13.485, -7.62]
						},
						"0.6": {
							"vector": [-9.125, -27.1, -9.875]
						},
						"1.2": {
							"vector": [0, -20.775, 0]
						},
						"1.4333": {
							"vector": [-0.7, -13.3, -2.3]
						},
						"1.6333": {
							"vector": [-0.47, -7.845, -4.305]
						},
						"1.8667": {
							"vector": [-0.21, -2.91, -6.035]
						},
						"2.0": {
							"vector": [-0.335, -3.36, -5.78]
						},
						"2.1667": {
							"vector": [-0.29, -3.135, -5.87]
						},
						"2.2667": {
							"vector": [-0.3, -3.08, -6.05]
						},
						"2.3667": {
							"vector": [-0.325, -3.01, -6.915]
						},
						"2.5": {
							"vector": [-0.21, -2.91, -6.035]
						},
						"2.6333": {
							"vector": [-0.08, -1.42, -3.38]
						},
						"2.8": {
							"vector": [0.075, -0.12, -0.055]
						},
						"2.9": {
							"vector": [-0.195, -0.09, 0.14]
						},
						"2.9667": {
							"vector": [0, -0.075, 0.275]
						},
						"3.1": {
							"vector": [0, 0, 0]
						}
					}
				},
				"rightarm": {
					"rotation": {
						"0.0": {
							"vector": [0, 0, 0]
						},
						"2.0333": {
							"vector": [0, 0, 0]
						},
						"2.2": {
							"vector": [0.88577, 4.83091, 3.66679]
						},
						"2.3": {
							"vector": [0.88577, 4.83091, 3.66679]
						},
						"2.4667": {
							"vector": [1.61855, 4.66727, 3.65378]
						},
						"2.5667": {
							"vector": [1.61855, 4.66727, 3.65378]
						},
						"2.7": {
							"vector": [0, 0, 0]
						}
					},
					"position": {
						"0.0": {
							"vector": [0, 0, 0]
						},
						"2.0333": {
							"vector": [0, 0, 0]
						},
						"2.2": {
							"vector": [-2.925, 2.675, 1.75]
						},
						"2.3": {
							"vector": [-3.15, 2.675, 1.75]
						},
						"2.4": {
							"vector": [-3.17, 2.68, -2.25]
						},
						"2.4667": {
							"vector": [-3.17, 0.905, -2.25]
						},
						"2.5667": {
							"vector": [-2.92, 0.905, -2.25]
						},
						"2.7": {
							"vector": [0, 0, 0]
						}
					}
				},
				"leftarm": {
					"rotation": {
						"0.0": {
							"vector": [0, 0, 0]
						},
						"0.9667": {
							"vector": [0, 0, 0]
						},
						"1.5333": {
							"vector": [-3.87786, 4.1576, -15.59795]
						},
						"1.6667": {
							"vector": [-13.12786, 4.1576, -15.59795]
						},
						"1.7667": {
							"vector": [-13.12786, 4.1576, -15.59795]
						},
						"1.8333": {
							"vector": [-13.12786, 4.1576, -15.59795]
						},
						"1.9": {
							"vector": [-13.12786, 4.1576, -15.59795]
						},
						"2.0": {
							"vector": [-24.68166, 0.74398, -5.33566]
						},
						"2.1": {
							"vector": [-24.95268, 2.18953, -8.49535]
						},
						"2.1667": {
							"vector": [-24.95268, 2.18953, -8.49535]
						},