{
	"format_version": "1.8.0",
	"animations": {
		"animation.model.draw": {
			"loop": true,
			"animation_length": 1.5,
			"bones": {
				"main": {
					"rotation": {
						"0.0": {
							"vector": [23.1968, -6.03864, 6.37855]
						},
						"0.1333": {
							"vector": [23.63662, -5.52637, 1.3989]
						},
						"0.3": {
							"vector": [21.79683, -4.50825, 0.65603]
						},
						"0.4333": {
							"vector": [19.97007, -5.02057, 3.54334]
						},
						"0.6": {
							"vector": [9.12567, -4.39669, 0.5454]
						},
						"0.8": {
							"vector": [-1.74911, -0.81072, -1.97618]
						},
						"0.9333": {
							"vector": [-1.02236, -0.41032, 1.87038]
						},
						"1.0333": {
							"vector": [-0.00218, 0.24999, -0.5]
						},
						"1.1667": {
							"vector": [0, 0, 0]
						}
					},
					"position": {
						"0.0": {
							"vector": [0, -20.775, 0]
						},
						"0.2333": {
							"vector": [-0.7, -13.3, -2.3]
						},
						"0.4": {
							"vector": [-0.47, -7.845, -4.305]
						},
						"0.5667": {
							"vector": [-0.21, -2.91, -6.035]
						},
						"0.8": {
							"vector": [0, 0.925, -1.1]
						},
						"0.9": {
							"vector": [0.075, -0.12, -0.055]
						},
						"1.0": {
							"vector": [0, -0.075, 0.275]
						},
						"1.1333": {
							"vector": [0, 0, 0]
						}
					}
				}
			}
		},
		"animation.model.reload": {
			"loop": true,
			"animation_length": 2.93333,
			"bones": {
				"main": {
					"rotation": {
						"0.0": {
							"vector": [0, 0, 0]
						},
						"0.1667": {
							"vector": [6.20407, 4.18006, 0.66803],
							"easing": "easeInSine"
						},
						"0.6333": {
							"vector": [40.39518, -15.06168, 6.18279]
						},
						"1.6": {
							"vector": [24.30477, 3.89997, 6.35779]
						},
						"1.7333": {
							"vector": [23.88025, 4.47067, 1.39664]
						},
						"1.9": {
							"vector": [21.91127, 5.4911, 0.65702]
						},
						"2.0333": {
							"vector": [20.43271, 2.46517, 3.533]
						},
						"2.2": {
							"vector": [9.19696, 3.10297, 0.54459]
						},
						"2.4": {
							"vector": [-1.74911, -0.81072, -1.97618]
						},
						"2.5333": {
							"vector": [-1.02236, -0.41032, 1.87038]
						},
						"2.6333": {
							"vector": [-0.00218, 0.24999, -0.5]
						},
						"2.7667": {
							"vector": [0, 0, 0]
						}
					},
					"position": {
						"0.0": {
							"vector": [0, 0, 0]
						},
						"0.2": {
							"vector": [0, -7.28, -5.05],
							"easing": "easeInSine"
						},
						"0.3333": {
							"vector": [-0.325, -13.485, -7.62]
						},
						"0.6": {
							"vector": [-9.125, -27.1, -9.875]
						},
						"1.6": {
							"vector": [0, -20.775, 0]
						},
						"1.8333": {
							"vector": [-0.7, -13.3, -2.3]
						},
						"2.0": {
							"vector": [-0.47, -7.845, -4.305]
						},
						"2.1667": {
							"vector": [-0.21, -2.91, -6.035]
						},
						"2.4": {
							"vector": [0, 0.925, -1.1]
						},
						"2.5": {
							"vector": [0.075, -0.12, -0.055]
						},
						"2.6": {
							"vector": [0, -0.075, 0.275]
						},
						"2.7333": {
							"vector": [0, 0, 0]
						}
					}
				}
			}
		},
		"animation.model.fire": {
			"loop": true,
			"animation_length": 0.68333,
			"bones": {
				"main": {
					"rotation": {
						"0.0": {
							"vector": [0, 0, 0]
						},
						"0.0833": {
							"vector": [-1.22338, -0.27569, -1.99651]
						},
						"0.1667": {
							"vector": [-1.21277, 0.50071, -0.76276]
						},
						"0.2667": {
							"vector": [-1.21289, 0.5138, -0.76295]
						},
						"0.35": {
							"vector": [-0.85405, 0.30967, 0.05694]
						},
						"0.4333": {
							"vector": [0.57515, 0.05523, 1.99083]
						},
						"0.5667": {
							"vector": [0.5, 0, -0.75]
						},
						"0.6833": {
							"vector": [0, 0, 0]
						}
					},
					"position": {
						"0.0": {
							"vector": [0, 0, 0]
						},
						"0.0333": {
							"vector": [0, 0.05, 2.875]
						},
						"0.1333": {
							"vector": [0, -0.05, 3.955]
						},
						"0.2833": {
							"vector": [-0.1, -0.225, 3.385]
						},
						"0.3833": {
							"vector": [-0.1, -0.22, 2.035]
						},
						"0.5": {
							"vector": [-0.05, -0.225, 0.97]
						},
						"0.6": {
							"vector": [0, 0, 0]
						}
					}
				}
			}
		}
	},
	"geckolib_format_version": 2
}