{
	"format_version": "1.8.0",
	"animations": {
		"animation.model.draw": {
			"loop": true,
			"animation_length": 1.35,
			"bones": {
				"main": {
					"rotation": {
						"0.0": {
							"vector": [32.09413, -54.38778, -8.29667]
						},
						"0.55": {
							"vector": [0.50518, -5.08075, 6.8716],
							"easing": "easeOutSine"
						},
						"0.85": {
							"vector": [0.29568, -0.35288, -2.15827],
							"easing": "linear"
						},
						"0.95": {
							"vector": [0.26516, 0.49213, -0.74777],
							"easing": "linear"
						},
						"1.05": {
							"vector": [0.12499, -0.00164, -0.5]
						},
						"1.2": {
							"vector": [0, 0, 0],
							"easing": "linear"
						}
					},
					"position": {
						"0.0": {
							"vector": [0, -17.3, 0]
						},
						"0.45": {
							"vector": [1.975, -4.275, -1.625],
							"easing": "linear"
						},
						"0.8": {
							"vector": [-0.3, 0.43, -1.66]
						},
						"0.95": {
							"vector": [0.325, -0.45, 0],
							"easing": "linear"
						},
						"1.15": {
							"vector": [0, 0, 0],
							"easing": "linear"
						}
					}
				},
				"leftarm": {
					"rotation": {
						"0.0": {
							"vector": [-1.6141, 14.10684, -4.09076]
						},
						"0.5": {
							"vector": [-1.6141, 14.10684, -4.09076]
						},
						"0.75": {
							"vector": [0, 0, 0]
						},
						"1.1": {
							"vector": [0, 0, 0]
						}
					},
					"position": {
						"0.0": {
							"vector": [1.1, 4.075, 0]
						},
						"0.5": {
							"vector": [1.1, 4.075, 0]
						},
						"0.75": {
							"vector": [0, 0, 0]
						},
						"1.1": {
							"vector": [0, 0, 0]
						}
					}
				}
			}
		},
		"animation.model.reload": {
			"loop": true,
			"animation_length": 3.6,
			"bones": {
				"main": {
					"rotation": {
						"0.0": {
							"vector": [0, 0, 0]
						},
						"0.2667": {
							"vector": [-0.64888, -13.4973, 8.27162]
						},
						"0.4": {
							"vector": [-4.90544, -16.7513, 11.63615]
						},
						"0.5667": {
							"vector": [-9.07067, -16.01671, 22.90583]
						},
						"0.7": {
							"vector": [-9.81533, -16.02234, 18.94325]
						},
						"0.8333": {
							"vector": [-9.52821, -14.66296, 22.64521]
						},
						"1.0": {
							"vector": [-9.50078, -15.30895, 20.48273]
						},
						"1.1667": {
							"vector": [-8.72228, -15.76426, 16.3753]
						},
						"1.3333": {
							"vector": [-8.07386, -15.52663, 17.18023]
						},
						"1.5": {
							"vector": [-8.05593, -15.81543, 15.95932]
						},
						"1.7333": {
							"vector": [-8.45016, -14.6411, 18.42326]
						},
						"1.8333": {
							"vector": [-8.45064, -14.51132, 16.84758]
						},
						"1.9333": {
							"vector": [-8.45475, -14.33339, 17.57718]
						},
						"2.0333": {
							"vector": [-8.35068, -14.72676, 15.66555]
						},
						"2.1667": {
							"vector": [-8.97313, -15.11898, 17.91533]
						},
						"2.3333": {
							"vector": [-8.41918, -16.02154, 13.91916]
						},
						"2.5667": {
							"vector": [-8.44465, -15.66595, 15.38315]
						},
						"2.7667": {
							"vector": [-7.6423, -10.68437, 15.3241]
						},
						"2.9667": {
							"vector": [-4.9306, -6.6088, 6.84383]
						},
						"3.1667": {
							"vector": [0, 0, -1.5]
						},
						"3.3": {
							"vector": [0, 0, 0]
						}
					},
					"position": {
						"0.0": {
							"vector": [0, 0, 0]
						},
						"0.2333": {
							"vector": [-1.1, -1.8, -7.3],
							"easing": "linear"
						},
						"0.5": {
							"vector": [0.025, -3.475, -12],
							"easing": "linear"
						},
						"0.7": {
							"vector": [0.02, -2.855, -13.5]
						},
						"0.8667": {
							"vector": [-0.63, -3.575, -13.87]
						},
						"0.9667": {
							"vector": [-1.165, -4.48, -13.87]
						},
						"1.1333": {
							"vector": [-1.055, -3.995, -13.87]
						},
						"1.5": {
							"vector": [-0.425, -4.415, -13.87]
						},
						"1.7": {
							"vector": [0.005, -3.985, -13.87]
						},
						"1.8667": {
							"vector": [-0.14, -3.665, -13.87]
						},
						"1.9667": {
							"vector": [-0.14, -3.835, -13.87]
						},
						"2.0667": {
							"vector": [0.185, -3.53, -13.87]
						},
						"2.2333": {
							"vector": [0.03, -3.705, -13.87]
						},
						"2.5": {
							"vector": [0.03, -3.575, -11.695]
						},
						"2.7": {
							"vector": [-1.97, -4.805, -9.47]
						},
						"2.9": {
							"vector": [-2.01, -3.375, -5.3]
						},
						"3.1": {
							"vector": [-0.675, -1.075, -2.325]
						},
						"3.2667": {
							"vector": [0, 0, 0]
						}
					}
				},
				"belt": {
					"rotation": {
						"0.0": {
							"vector": [0, 0, 0]
						},
						"0.6667": {
							"vector": [0, 0, 0]
						},
						"0.8": {
							"vector": [-0.54072, 3.04909, -12.12623]
						},
						"0.9": {
							"vector": [-1.07437, 4.57108, -18.45873]
						},
						"1.2667": {
							"vector": [-1.29826, 5.08297, -20.65719]
						},
						"1.4333": {
							"vector": [-1.29826, 5.08297, -20.65719]
						},
						"1.5": {
							"vector": [-2.70357, 8.12826, -30.07445]
						},
						"1.6667": {
							"vector": [-5.64552, 8.48671, -47.43209]
						},
						"1.7667": {
							"vector": [-1.18512, 11.86379, -19.29142]
						},
						"1.8667": {
							"vector": [-4.18151, 6.10524, -19.38223]
						},
						"1.9667": {
							"vector": [-0.82653, 5.18038, -15.38695]
						},
						"2.0333": {
							"vector": [-0.64476, 5.20606, -13.37887]
						}
					},
					"position": {
						"0.0": {
							"vector": [0, 0, 0]
						},
						"0.6667": {
							"vector": [0, 0, 0]
						},
						"0.8": {
							"vector": [-1.69347, -2.34685, 0.63002]
						},
						"0.9": {
							"vector": [-2.40465, -3.98525, 1.06145]
						},
						"1.0667": {
							"vector": [-6.80121, -12.24631, 3.24807],
							"easing": "easeInSine"
						},
						"1.2667": {
							"vector": [-7.65538, -25.63193, 6.68693]
						},
						"1.4333": {
							"vector": [-7.65538, -25.63193, 6.68693]
						},
						"1.5": {
							"vector": [-7.64792, -9.37397, 3.06713],
							"easing": "easeInSine"
						},
						"1.6667": {
							"vector": [-5.1102, -5.46544, 1.9577]
						},
						"1.7667": {
							"vector": [-1.28164, -0.55702, 0.34692]
						},
						"1.8667": {
							"vector": [-1.04304, -0.20051, 0.15853]
						},
						"1.9667": {
							"vector": [-0.67584, -0.49102, 0.13536]
						},
						"2.0333": {
							"vector": [-0.37992, 0.21796, -0.05113]
						}
					}
				},
				"rightarm": {
					"rotation": {
						"0.0": {
							"vector": [0, 0, 0]
						},
						"0.3333": {
							"vector": [17.64779, 24.55045, 13.77107]
						},
						"0.5333": {
							"vector": [1.31191, 34.20727, 20.00208]
						},
						"0.6667": {
							"vector": [1.31191, 34.20727, 20.00208]
						},
						"0.8": {
							"vector": [9.06103, 31.95727, 19.99936]
						},
						"0.9": {
							"vector": [12.06103, 31.95727, 19.99936]
						},
						"1.0667": {
							"vector": [26.76997, 36.00978, 21.35989]
						},
						"1.2667": {
							"vector": [47.26997, 36.00978, 21.35989]
						},
						"1.4333": {
							"vector": [47.26997, 36.00978, 21.35989]
						},
						"1.5": {
							"vector": [26.76997, 36.00978, 21.35989]
						},
						"1.6667": {
							"vector": [8.60611, 28.39609, 18.91156]
						},
						"1.7667": {
							"vector": [1.69115, 24.57181, 17.34587]
						},
						"1.8667": {
							"vector": [1.7372, 22.33995, 17.63472]
						},
						"1.9667": {
							"vector": [2.354, 22.85448, 21.89831]
						},
						"2.0333": {
							"vector": [-0.646, 22.85448, 21.89831]
						},
						"2.2333": {
							"vector": [-0.646, 22.85448, 21.89831]
						},
						"2.3667": {
							"vector": [17.64779, 24.55045, 13.77107]
						},
						"2.6333": {
							"vector": [0, 0, 0]
						}
					},
					"position": {
						"0.0": {
							"vector": [0, 0, 0]
						},
						"0.2": {
							"vector": [0.09843, -5.68945, 8.06481]
						},
						"0.3333": {
							"vector": [-1.96053, -13.61138, -2.969]
						},