{
  "credit": "Made with Blockbench",
  "parent": "builtin/entity",
  "texture_size": [
    32,
    32
  ],
  "display": {
    "thirdperson_righthand": {
      "translation": [
        0.25,
        -0.25,
        1
      ],
      "scale": [
        0.25,
        0.25,
        0.25
      ]
    },
    "thirdperson_lefthand": {
      "translation": [
        0.25,
        -4.75,
        1
      ],
      "scale": [
        0.25,
        0.25,
        0.25
      ]
    },
    "firstperson_righthand": {
      "rotation": [
        -8.01,
        7.54,
        -7.53
      ],
      "translation": [
        1,
        -3.6499999999999986,
        -1
      ]
    },
    "firstperson_lefthand": {
      "rotation": [
        -147.21,
        -50.65,
        -156.71
      ],
      "translation": [
        -0.5,
        -6.649999999999999,
        -7.25
      ]
    },
    "ground": {
      "translation": [
        0,
        -1,
        0
      ],
      "scale": [
        0.3,
        0.3,
        0.3
      ]
    },
    "gui": {
      "rotation": [
        -172.14,
        62.01,
        -146.89
      ],
      "translation": [
        -0.25,
        -2.5,
        0
      ],
      "scale": [
        1.090703125,
        1.090703125,
        1.090703125
      ]
    },
    "fixed": {
      "rotation": [
        -86.75,
        -90,
        0
      ],
      "translation": [
        -0.75,
        0.25,
        1
      ],
      "scale": [
        0.62,
        0.62,
        0.62
      ]
    }
  }
}