{
  "credit": "Made with Blockbench",
  "parent": "builtin/entity",
  "texture_size": [
    32,
    32
  ],
  "display": {
    "thirdperson_righthand": {
      "translation": [
        0.25,
        -0.25,
        1
      ],
      "scale": [
        0.25,
        0.25,
        0.25
      ]
    },
    "thirdperson_lefthand": {
      "translation": [
        0.25,
        -4.75,
        1
      ],
      "scale": [
        0.25,
        0.25,
        0.25
      ]
    },
    "firstperson_righthand": {
      "rotation": [
        -126.49,
        74.1,
        118.08
      ],
      "translation": [
        2.75,
        -3.1499999999999986,
        -1.75
      ]
    },
    "firstperson_lefthand": {
      "rotation": [
        -126.49,
        74.1,
        118.08
      ],
      "translation": [
        2.75,
        -3.1499999999999986,
        -1.75
      ]
    },
    "ground": {
      "translation": [
        0,
        -3.5,
        0
      ],
      "scale": [
        0.3,
        0.3,
        0.3
      ]
    },
    "gui": {
      "rotation": [
        -172.14,
        62.01,
        -146.89
      ],
      "translation": [
        -0.5,
        -4,
        0
      ],
      "scale": [
        0.97546875,
        0.97546875,
        0.97546875
      ]
    },
    "fixed": {
      "rotation": [
        -86.75,
        -90,
        0
      ],
      "translation": [
        -0.75,
        0.25,
        1
      ],
      "scale": [
        0.62,
        0.62,
        0.62
      ]
    }
  }
}